model,arm,measure,group,n_sessions,n,mean,min,max
n2rep-deepseek,one_shot,share_within_0.5,all,12,1200,0.9783333333333334,0.95,1.0
n2rep-deepseek,one_shot,share_within_1,all,12,1200,0.9791666666666666,0.96,1.0
n2rep-deepseek,one_shot,share_within_2,all,12,1200,0.9816666666666666,0.96,1.0
n2rep-deepseek,one_shot,below_cost_bid_rate,all,12,1200,0.005,0.0,0.02
n2rep-deepseek,one_shot,share_within_0.5,lowest_cost,12,600,0.9883333333333333,0.96,1.0
n2rep-deepseek,one_shot,share_within_1,lowest_cost,12,600,0.9883333333333333,0.96,1.0
n2rep-deepseek,one_shot,share_within_2,lowest_cost,12,600,0.9883333333333333,0.96,1.0
n2rep-deepseek,one_shot,below_cost_bid_rate,lowest_cost,12,600,0.0033333333333333335,0.0,0.02
n2rep-deepseek,one_shot,share_within_0.5,other,12,600,0.9683333333333333,0.92,1.0
n2rep-deepseek,one_shot,share_within_1,other,12,600,0.9700000000000001,0.94,1.0
n2rep-deepseek,one_shot,share_within_2,other,12,600,0.975,0.94,1.0
n2rep-deepseek,one_shot,below_cost_bid_rate,other,12,600,0.006666666666666667,0.0,0.04
n2rep-deepseek,one_shot,share_of_bids,calls_with_thinking,12,1200,1.0,1.0,1.0
n2rep-deepseek,one_shot,share_within_1,calls_with_thinking,12,1200,0.9791666666666666,0.96,1.0
n2rep-deepseek,one_shot,median_bid_minus_benchmark,calls_with_thinking,12,1200,0.002500000000001575,0.0,0.0049999999999954525
n2rep-deepseek,one_shot,share_of_bids,calls_without_thinking,12,1200,0.0,0.0,0.0
n2rep-deepseek,one_shot,thinking_tokens_per_call,all,12,1211,1601.489475991717,1492.23,1774.8316831683169
n2rep-deepseek,one_shot,calls_without_thinking_share,all,12,1211,0.0,0.0,0.0
n2rep-deepseek,one_shot,cut_off_at_cap_share,all,12,1211,0.008210379861515564,0.0,0.0196078431372549
n2rep-deepseek,one_shot,reserve_bid_rate,all,12,600,0.0025,0.0,0.01
n2rep-deepseek,one_shot,lowest_cost_win_share,all,12,600,0.9833333333333334,0.96,1.0
n2rep-deepseek,one_shot,tie_rate,all,12,600,0.0,0.0,0.0
n2rep-deepseek,one_shot,invalid_bid_rate,all,12,1200,0.0,0.0,0.0
n2rep-deepseek,history,share_within_0.5,all,12,1200,0.16833333333333333,0.02,0.26
n2rep-deepseek,history,share_within_1,all,12,1200,0.215,0.06,0.32
n2rep-deepseek,history,share_within_2,all,12,1200,0.3016666666666667,0.07,0.48
n2rep-deepseek,history,below_cost_bid_rate,all,12,1200,0.0008333333333333334,0.0,0.01
n2rep-deepseek,history,share_within_0.5,lowest_cost,12,600,0.16333333333333333,0.02,0.32
n2rep-deepseek,history,share_within_1,lowest_cost,12,600,0.20166666666666666,0.06,0.34
n2rep-deepseek,history,share_within_2,lowest_cost,12,600,0.26666666666666666,0.06,0.44
n2rep-deepseek,history,below_cost_bid_rate,lowest_cost,12,600,0.0,0.0,0.0
n2rep-deepseek,history,share_within_0.5,other,12,600,0.17333333333333334,0.02,0.26
n2rep-deepseek,history,share_within_1,other,12,600,0.22833333333333336,0.06,0.36
n2rep-deepseek,history,share_within_2,other,12,600,0.33666666666666667,0.08,0.52
n2rep-deepseek,history,below_cost_bid_rate,other,12,600,0.0016666666666666668,0.0,0.02
n2rep-deepseek,history,share_of_bids,calls_with_thinking,12,1200,1.0,1.0,1.0
n2rep-deepseek,history,share_within_1,calls_with_thinking,12,1200,0.215,0.06,0.32
n2rep-deepseek,history,median_bid_minus_benchmark,calls_with_thinking,12,1200,-2.792291666666666,-8.21,0.0049999999999954525
n2rep-deepseek,history,share_of_bids,calls_without_thinking,12,1200,0.0,0.0,0.0
n2rep-deepseek,history,thinking_tokens_per_call,all,12,1228,1755.212926002958,1610.2788461538462,1935.5
n2rep-deepseek,history,calls_without_thinking_share,all,12,1228,0.0,0.0,0.0
n2rep-deepseek,history,cut_off_at_cap_share,all,12,1228,0.02108518714411528,0.009900990099009901,0.038461538461538464
n2rep-deepseek,history,reserve_bid_rate,all,12,600,0.02666666666666667,0.0,0.06
n2rep-deepseek,history,lowest_cost_win_share,all,12,600,0.8516666666666667,0.76,0.92
n2rep-deepseek,history,tie_rate,all,12,600,0.011666666666666667,0.0,0.04
n2rep-deepseek,history,invalid_bid_rate,all,12,1200,0.0,0.0,0.0
