lineup_id,is_control,seed,block,n_bids,mean_bid_minus_benchmark
base-deepseek,True,996000,1,2,0.0025000000000048317
base-deepseek,True,996000,2-3,4,0.005000000000002558
base-deepseek,True,996000,4-5,4,0.0012499999999988631
base-deepseek,True,996000,6-10,10,0.0029999999999972713
base-deepseek,True,996000,11-20,20,-2.7195
base-deepseek,True,996000,21-30,20,0.0027500000000017623
base-deepseek,True,996000,31-40,20,0.0019999999999988916
base-deepseek,True,996000,41-50,20,-2.463749999999999
base-deepseek,True,996001,1,2,0.004999999999999005
base-deepseek,True,996001,2-3,4,0.0024999999999977263
base-deepseek,True,996001,4-5,4,0.002500000000001279
base-deepseek,True,996001,6-10,10,0.0024999999999991474
base-deepseek,True,996001,11-20,20,0.002500000000000924
base-deepseek,True,996001,21-30,20,0.0029999999999994033
base-deepseek,True,996001,31-40,20,-4.9727500000000004
base-deepseek,True,996001,41-50,20,0.0027500000000010515
base-deepseek,True,996002,1,2,0.004999999999999005
base-deepseek,True,996002,2-3,4,0.0012500000000041922
base-deepseek,True,996002,4-5,4,0.0025000000000030553
base-deepseek,True,996002,6-10,10,-1.1540000000000021
base-deepseek,True,996002,11-20,20,0.002000000000000668
base-deepseek,True,996002,21-30,20,0.002999999999997982
base-deepseek,True,996002,31-40,20,0.0019999999999988916
base-deepseek,True,996002,41-50,20,0.002000000000001023
base-deepseek,True,996003,1,2,0.0025000000000083844
base-deepseek,True,996003,2-3,4,0.0012500000000006395
base-deepseek,True,996003,4-5,4,3.552713678800501e-15
base-deepseek,True,996003,6-10,10,0.0019999999999988916
base-deepseek,True,996003,11-20,20,-2.4982499999999987
base-deepseek,True,996003,21-30,20,0.0022500000000015064
base-deepseek,True,996003,31-40,20,-0.9585000000000026
base-deepseek,True,996003,41-50,20,-0.18099999999999952
base-deepseek,True,996004,1,2,3.552713678800501e-15
base-deepseek,True,996004,2-3,4,0.0025000000000048317
base-deepseek,True,996004,4-5,4,0.0025000000000048317
base-deepseek,True,996004,6-10,10,0.00350000000000108
base-deepseek,True,996004,11-20,20,0.002250000000002217
base-deepseek,True,996004,21-30,20,-0.14700000000000024
base-deepseek,True,996004,31-40,20,0.003000000000000469
base-deepseek,True,996004,41-50,20,-1.6427500000000026
base-deepseek,True,996005,1,2,0.0024999999999977263
base-deepseek,True,996005,2-3,4,0.0024999999999977263
base-deepseek,True,996005,4-5,4,-0.07000000000000384
base-deepseek,True,996005,6-10,10,-0.7969999999999999
base-deepseek,True,996005,11-20,20,0.003000000000000469
base-deepseek,True,996005,21-30,20,0.003000000000001535
base-deepseek,True,996005,31-40,20,-0.05874999999999666
base-deepseek,True,996005,41-50,20,0.0019999999999992467
base-deepseek,True,996006,1,2,0.0024999999999977263
base-deepseek,True,996006,2-3,4,0.002500000000001279
base-deepseek,True,996006,4-5,4,0.0024999999999977263
base-deepseek,True,996006,6-10,10,0.0029999999999994033
base-deepseek,True,996006,11-20,20,0.00324999999999811
base-deepseek,True,996006,21-30,20,-0.5985000000000003
base-deepseek,True,996006,31-40,20,0.0012499999999992183
base-deepseek,True,996006,41-50,20,1.3577500000000016
base-deepseek,True,996007,1,2,0.0
base-deepseek,True,996007,2-3,4,0.00249999999999595
base-deepseek,True,996007,4-5,4,0.002500000000001279
base-deepseek,True,996007,6-10,10,-4.9965
base-deepseek,True,996007,11-20,20,-1.3670000000000002
base-deepseek,True,996007,21-30,20,0.00324999999999811
base-deepseek,True,996007,31-40,20,0.0015000000000043201
base-deepseek,True,996007,41-50,20,-0.061999999999999035
base-deepseek,True,996008,1,2,0.0
base-deepseek,True,996008,2-3,4,0.0049999999999954525
base-deepseek,True,996008,4-5,4,0.0024999999999977263
base-deepseek,True,996008,6-10,10,0.0004999999999988347
base-deepseek,True,996008,11-20,20,0.00300000000000189
base-deepseek,True,996008,21-30,20,-5.112249999999997
base-deepseek,True,996008,31-40,20,0.0010000000000001564
base-deepseek,True,996008,41-50,20,-2.0444999999999993
base-deepseek,True,996009,1,2,0.0025000000000048317
base-deepseek,True,996009,2-3,4,0.0037499999999983658
base-deepseek,True,996009,4-5,4,0.0024999999999995026
base-deepseek,True,996009,6-10,10,0.0030000000000022452
base-deepseek,True,996009,11-20,20,0.002749999999997499
base-deepseek,True,996009,21-30,20,-1.42225
base-deepseek,True,996009,31-40,20,0.0037500000000015633
base-deepseek,True,996009,41-50,20,-0.10324999999999847
base-deepseek,True,996010,1,2,0.002500000000001279
base-deepseek,True,996010,2-3,4,0.003750000000000142
base-deepseek,True,996010,4-5,4,0.0012499999999988631
base-deepseek,True,996010,6-10,10,-0.07100000000000009
base-deepseek,True,996010,11-20,20,0.0027499999999996303
base-deepseek,True,996010,21-30,20,0.4317499999999995
base-deepseek,True,996010,31-40,20,-3.1580000000000004
base-deepseek,True,996010,41-50,20,0.0020000000000003127
base-deepseek,True,996011,1,2,0.004999999999999005
base-deepseek,True,996011,2-3,4,0.0012500000000041922
base-deepseek,True,996011,4-5,4,0.0024999999999995026
base-deepseek,True,996011,6-10,10,-0.16200000000000117
base-deepseek,True,996011,11-20,20,0.0027499999999996303
base-deepseek,True,996011,21-30,20,0.002249999999999375
base-deepseek,True,996011,31-40,20,0.0025000000000019893
base-deepseek,True,996011,41-50,20,0.001999999999998181
base-luna,True,996000,1,2,-6.847499999999993
base-luna,True,996000,2-3,4,-4.359999999999998
base-luna,True,996000,4-5,4,-4.551250000000001
base-luna,True,996000,6-10,10,-1.5700000000000032
base-luna,True,996000,11-20,20,-5.783999999999999
base-luna,True,996000,21-30,20,-3.4337499999999985
base-luna,True,996000,31-40,20,-3.8735000000000013
base-luna,True,996000,41-50,20,-4.51725
base-luna,True,996001,1,2,-10.71
base-luna,True,996001,2-3,4,0.0024999999999977263
base-luna,True,996001,4-5,4,0.002500000000001279
base-luna,True,996001,6-10,10,-3.183500000000001
base-luna,True,996001,11-20,20,-0.44950000000000045
base-luna,True,996001,21-30,20,-4.2955
base-luna,True,996001,31-40,20,-5.102250000000001
base-luna,True,996001,41-50,20,-5.531249999999998
base-luna,True,996002,1,2,-12.420000000000002
base-luna,True,996002,2-3,4,-12.228749999999996
base-luna,True,996002,4-5,4,0.0025000000000030553
base-luna,True,996002,6-10,10,-1.979000000000002
base-luna,True,996002,11-20,20,-2.557999999999999
base-luna,True,996002,21-30,20,-2.8965000000000023
base-luna,True,996002,31-40,20,-3.1240000000000006
base-luna,True,996002,41-50,20,-2.8014999999999994
base-luna,True,996003,1,2,0.0025000000000083844
base-luna,True,996003,2-3,4,0.0012500000000006395
base-luna,True,996003,4-5,4,0.0025000000000048317
base-luna,True,996003,6-10,10,-0.7500000000000029
base-luna,True,996003,11-20,20,-2.5862499999999997
base-luna,True,996003,21-30,20,-4.786749999999998
base-luna,True,996003,31-40,20,-4.239500000000001
base-luna,True,996003,41-50,20,-1.5920000000000005
base-luna,True,996004,1,2,-10.044999999999998
base-luna,True,996004,2-3,4,-5.882499999999997
base-luna,True,996004,4-5,4,0.0025000000000048317
base-luna,True,996004,6-10,10,-6.356499999999999
base-luna,True,996004,11-20,20,-1.801249999999999
base-luna,True,996004,21-30,20,-6.823499999999998
base-luna,True,996004,31-40,20,-3.835499999999999
base-luna,True,996004,41-50,20,-0.8992500000000021
base-luna,True,996005,1,2,-10.207500000000003
base-luna,True,996005,2-3,4,0.0024999999999977263
base-luna,True,996005,4-5,4,-3.552713678800501e-15
base-luna,True,996005,6-10,10,-2.127
base-luna,True,996005,11-20,20,-1.299499999999999
base-luna,True,996005,21-30,20,-4.5939999999999985
base-luna,True,996005,31-40,20,-3.7412499999999973
base-luna,True,996005,41-50,20,-2.3485
base-luna,True,996006,1,2,0.0024999999999977263
base-luna,True,996006,2-3,4,0.002500000000001279
base-luna,True,996006,4-5,4,0.0024999999999977263
base-luna,True,996006,6-10,10,-5.659000000000001
base-luna,True,996006,11-20,20,-2.440250000000001
base-luna,True,996006,21-30,20,-2.453500000000001
base-luna,True,996006,31-40,20,-1.0792500000000018
base-luna,True,996006,41-50,20,-3.5452499999999993
base-luna,True,996007,1,2,-3.715
base-luna,True,996007,2-3,4,0.00249999999999595
base-luna,True,996007,4-5,4,3.552713678800501e-15
base-luna,True,996007,6-10,10,-3.2835
base-luna,True,996007,11-20,20,-6.104499999999999
base-luna,True,996007,21-30,20,-4.698250000000002
base-luna,True,996007,31-40,20,-1.732499999999997
base-luna,True,996007,41-50,20,-6.189499999999998
base-luna,True,996008,1,2,0.0
base-luna,True,996008,2-3,4,-6.215000000000003
base-luna,True,996008,4-5,4,-17.142500000000002
base-luna,True,996008,6-10,10,-1.5985000000000007
base-luna,True,996008,11-20,20,-0.45349999999999824
base-luna,True,996008,21-30,20,-2.7737499999999966
base-luna,True,996008,31-40,20,-1.9630000000000003
base-luna,True,996008,41-50,20,-4.889999999999999
base-luna,True,996009,1,2,-4.347499999999997
base-luna,True,996009,2-3,4,-4.11375
base-luna,True,996009,4-5,4,-9.514999999999999
base-luna,True,996009,6-10,10,-1.5439999999999976
base-luna,True,996009,11-20,20,-4.470250000000004
base-luna,True,996009,21-30,20,-5.99275
base-luna,True,996009,31-40,20,-1.5497499999999989
base-luna,True,996009,41-50,20,-4.461249999999998
base-luna,True,996010,1,2,0.002500000000001279
base-luna,True,996010,2-3,4,-8.47875
base-luna,True,996010,4-5,4,-0.0012500000000024158
base-luna,True,996010,6-10,10,0.0020000000000003127
base-luna,True,996010,11-20,20,-2.5857500000000004
base-luna,True,996010,21-30,20,-3.6582500000000002
base-luna,True,996010,31-40,20,-4.188
base-luna,True,996010,41-50,20,-2.7070000000000003
base-luna,True,996011,1,2,0.004999999999999005
base-luna,True,996011,2-3,4,1.3487500000000043
base-luna,True,996011,4-5,4,0.0024999999999995026
base-luna,True,996011,6-10,10,-3.4480000000000013
base-luna,True,996011,11-20,20,-5.11075
base-luna,True,996011,21-30,20,-2.9452500000000006
base-luna,True,996011,31-40,20,-2.5249999999999977
base-luna,True,996011,41-50,20,-5.137000000000001
base-deepseek,False,996000,1,2,0.0025000000000048317
base-deepseek,False,996000,2-3,4,0.005000000000002558
base-deepseek,False,996000,4-5,4,-0.02125000000000199
base-deepseek,False,996000,6-10,10,-0.22700000000000245
base-deepseek,False,996000,11-20,20,-3.2724999999999986
base-deepseek,False,996000,21-30,20,-6.117749999999999
base-deepseek,False,996000,31-40,20,-5.137500000000001
base-deepseek,False,996000,41-50,20,-5.809750000000001
base-deepseek,False,996001,1,2,0.004999999999999005
base-deepseek,False,996001,2-3,4,-7.167500000000004
base-deepseek,False,996001,4-5,4,-5.279999999999999
base-deepseek,False,996001,6-10,10,-6.927499999999999
base-deepseek,False,996001,11-20,20,-8.1595
base-deepseek,False,996001,21-30,20,-7.2265000000000015
base-deepseek,False,996001,31-40,20,-8.50175
base-deepseek,False,996001,41-50,20,-9.553250000000002
base-deepseek,False,996002,1,2,0.004999999999999005
base-deepseek,False,996002,2-3,4,8.521250000000004
base-deepseek,False,996002,4-5,4,11.995000000000001
base-deepseek,False,996002,6-10,10,3.9389999999999987
base-deepseek,False,996002,11-20,20,3.6789999999999994
base-deepseek,False,996002,21-30,20,2.488500000000001
base-deepseek,False,996002,31-40,20,0.8774999999999995
base-deepseek,False,996002,41-50,20,-0.21050000000000182
base-deepseek,False,996003,1,2,0.0025000000000083844
base-deepseek,False,996003,2-3,4,4.8512499999999985
base-deepseek,False,996003,4-5,4,-0.6524999999999963
base-deepseek,False,996003,6-10,10,2.2359999999999984
base-deepseek,False,996003,11-20,20,3.1067500000000003
base-deepseek,False,996003,21-30,20,3.28675
base-deepseek,False,996003,31-40,20,5.113499999999997
base-deepseek,False,996003,41-50,20,7.330000000000001
base-deepseek,False,996004,1,2,3.552713678800501e-15
base-deepseek,False,996004,2-3,4,-0.09749999999999659
base-deepseek,False,996004,4-5,4,-7.5674999999999955
base-deepseek,False,996004,6-10,10,1.4875000000000007
base-deepseek,False,996004,11-20,20,-0.7422499999999989
base-deepseek,False,996004,21-30,20,7.379
base-deepseek,False,996004,31-40,20,3.8985000000000007
base-deepseek,False,996004,41-50,20,8.574749999999996
base-deepseek,False,996005,1,2,0.0024999999999977263
base-deepseek,False,996005,2-3,4,-6.460000000000006
base-deepseek,False,996005,4-5,4,-3.1575000000000024
base-deepseek,False,996005,6-10,10,-0.8249999999999993
base-deepseek,False,996005,11-20,20,-2.6949999999999994
base-deepseek,False,996005,21-30,20,-3.6109999999999993
base-deepseek,False,996005,31-40,20,-3.1472499999999988
base-deepseek,False,996005,41-50,20,-3.7900000000000005
base-deepseek,False,996006,1,2,0.0024999999999977263
base-deepseek,False,996006,2-3,4,1.0500000000000007
base-deepseek,False,996006,4-5,4,-3.775000000000004
base-deepseek,False,996006,6-10,10,-2.7959999999999985
base-deepseek,False,996006,11-20,20,0.9672499999999999
base-deepseek,False,996006,21-30,20,-2.6785000000000005
base-deepseek,False,996006,31-40,20,-4.2847500000000025
base-deepseek,False,996006,41-50,20,-6.790249999999999
base-deepseek,False,996007,1,2,0.0
base-deepseek,False,996007,2-3,4,-3.1200000000000028
base-deepseek,False,996007,4-5,4,-1.6324999999999967
base-deepseek,False,996007,6-10,10,-1.4794999999999994
base-deepseek,False,996007,11-20,20,-3.108
base-deepseek,False,996007,21-30,20,-1.4727500000000002
base-deepseek,False,996007,31-40,20,-0.368999999999998
base-deepseek,False,996007,41-50,20,-3.7389999999999985
base-deepseek,False,996008,1,2,0.0
base-deepseek,False,996008,2-3,4,-1.6800000000000033
base-deepseek,False,996008,4-5,4,2.112499999999997
base-deepseek,False,996008,6-10,10,-4.285500000000002
base-deepseek,False,996008,11-20,20,-0.8544999999999977
base-deepseek,False,996008,21-30,20,-0.5747499999999981
base-deepseek,False,996008,31-40,20,-3.582500000000001
base-deepseek,False,996008,41-50,20,-1.726999999999999
base-deepseek,False,996009,1,2,0.0025000000000048317
base-deepseek,False,996009,2-3,4,2.0737499999999986
base-deepseek,False,996009,4-5,4,-5.4175
base-deepseek,False,996009,6-10,10,-1.2949999999999995
base-deepseek,False,996009,11-20,20,-2.4627500000000024
base-deepseek,False,996009,21-30,20,-5.30575
base-deepseek,False,996009,31-40,20,-5.116749999999999
base-deepseek,False,996009,41-50,20,-6.471249999999998
base-deepseek,False,996010,1,2,0.002500000000001279
base-deepseek,False,996010,2-3,4,-4.47875
base-deepseek,False,996010,4-5,4,0.3637499999999978
base-deepseek,False,996010,6-10,10,-2.464999999999999
base-deepseek,False,996010,11-20,20,-6.322250000000001
base-deepseek,False,996010,21-30,20,-11.13125
base-deepseek,False,996010,31-40,20,-7.3534999999999995
base-deepseek,False,996010,41-50,20,-4.361999999999997
base-deepseek,False,996011,1,2,0.004999999999999005
base-deepseek,False,996011,2-3,4,-5.291249999999996
base-deepseek,False,996011,4-5,4,-0.6750000000000007
base-deepseek,False,996011,6-10,10,-0.956000000000001
base-deepseek,False,996011,11-20,20,-1.5492500000000002
base-deepseek,False,996011,21-30,20,-0.2722500000000007
base-deepseek,False,996011,31-40,20,-0.15799999999999806
base-deepseek,False,996011,41-50,20,-0.8310000000000006
base-luna,False,996000,1,2,-5.377499999999998
base-luna,False,996000,2-3,4,3.552713678800501e-15
base-luna,False,996000,4-5,4,-0.0012500000000006395
base-luna,False,996000,6-10,10,-0.6940000000000026
base-luna,False,996000,11-20,20,-6.555999999999999
base-luna,False,996000,21-30,20,-1.81175
base-luna,False,996000,31-40,20,2.9739999999999975
base-luna,False,996000,41-50,20,2.8252500000000005
base-luna,False,996001,1,2,-7.600000000000001
base-luna,False,996001,2-3,4,-13.195000000000002
base-luna,False,996001,4-5,4,-5.917499999999997
base-luna,False,996001,6-10,10,-6.537499999999999
base-luna,False,996001,11-20,20,-3.6695000000000015
base-luna,False,996001,21-30,20,-3.646500000000001
base-luna,False,996001,31-40,20,-4.848249999999998
base-luna,False,996001,41-50,20,-4.36075
base-luna,False,996002,1,2,-4.234999999999996
base-luna,False,996002,2-3,4,8.196250000000001
base-luna,False,996002,4-5,4,18.230000000000004
base-luna,False,996002,6-10,10,22.372999999999998
base-luna,False,996002,11-20,20,9.346500000000002
base-luna,False,996002,21-30,20,10.428999999999997
base-luna,False,996002,31-40,20,8.689999999999998
base-luna,False,996002,41-50,20,9.982000000000003
base-luna,False,996003,1,2,0.0025000000000083844
base-luna,False,996003,2-3,4,-2.8937500000000007
base-luna,False,996003,4-5,4,2.5850000000000044
base-luna,False,996003,6-10,10,17.057
base-luna,False,996003,11-20,20,15.60475
base-luna,False,996003,21-30,20,19.346250000000005
base-luna,False,996003,31-40,20,16.151000000000003
base-luna,False,996003,41-50,20,17.090999999999998
base-luna,False,996004,1,2,-22.584999999999994
base-luna,False,996004,2-3,4,-12.927499999999997
base-luna,False,996004,4-5,4,-3.554999999999998
base-luna,False,996004,6-10,10,5.185499999999999
base-luna,False,996004,11-20,20,17.734249999999996
base-luna,False,996004,21-30,20,27.0365
base-luna,False,996004,31-40,20,27.191499999999998
base-luna,False,996004,41-50,20,16.08025
base-luna,False,996005,1,2,-16.697500000000005
base-luna,False,996005,2-3,4,-4.010000000000002
base-luna,False,996005,4-5,4,-1.167500000000004
base-luna,False,996005,6-10,10,4.5749999999999975
base-luna,False,996005,11-20,20,1.4289999999999998
base-luna,False,996005,21-30,20,3.6085000000000016
base-luna,False,996005,31-40,20,3.618250000000001
base-luna,False,996005,41-50,20,-1.348500000000001
base-luna,False,996006,1,2,-9.467500000000001
base-luna,False,996006,2-3,4,-5.654999999999999
base-luna,False,996006,4-5,4,0.7949999999999946
base-luna,False,996006,6-10,10,8.800000000000002
base-luna,False,996006,11-20,20,10.071250000000003
base-luna,False,996006,21-30,20,8.011
base-luna,False,996006,31-40,20,6.186749999999998
base-luna,False,996006,41-50,20,7.052249999999998
base-luna,False,996007,1,2,-25.235000000000003
base-luna,False,996007,2-3,4,-0.7125000000000021
base-luna,False,996007,4-5,4,-3.352500000000001
base-luna,False,996007,6-10,10,-4.378500000000001
base-luna,False,996007,11-20,20,-0.40900000000000175
base-luna,False,996007,21-30,20,1.1932500000000004
base-luna,False,996007,31-40,20,3.5665000000000036
base-luna,False,996007,41-50,20,0.3940000000000019
base-luna,False,996008,1,2,-6.065000000000001
base-luna,False,996008,2-3,4,-7.9325000000000045
base-luna,False,996008,4-5,4,0.5449999999999964
base-luna,False,996008,6-10,10,1.4375000000000013
base-luna,False,996008,11-20,20,6.175500000000001
base-luna,False,996008,21-30,20,9.621250000000002
base-luna,False,996008,31-40,20,7.121999999999998
base-luna,False,996008,41-50,20,15.494500000000002
base-luna,False,996009,1,2,0.0025000000000048317
base-luna,False,996009,2-3,4,0.5562499999999968
base-luna,False,996009,4-5,4,-0.25750000000000206
base-luna,False,996009,6-10,10,8.879000000000001
base-luna,False,996009,11-20,20,3.737249999999997
base-luna,False,996009,21-30,20,-1.7347499999999982
base-luna,False,996009,31-40,20,1.88125
base-luna,False,996009,41-50,20,-3.200749999999998
base-luna,False,996010,1,2,0.002500000000001279
base-luna,False,996010,2-3,4,-2.3587500000000023
base-luna,False,996010,4-5,4,-0.3162500000000019
base-luna,False,996010,6-10,10,-1.2959999999999987
base-luna,False,996010,11-20,20,-2.6867500000000013
base-luna,False,996010,21-30,20,-1.9912500000000004
base-luna,False,996010,31-40,20,2.557500000000001
base-luna,False,996010,41-50,20,2.9900000000000007
base-luna,False,996011,1,2,-23.8
base-luna,False,996011,2-3,4,1.3512500000000056
base-luna,False,996011,4-5,4,-0.6075000000000035
base-luna,False,996011,6-10,10,0.2759999999999998
base-luna,False,996011,11-20,20,1.62175
base-luna,False,996011,21-30,20,3.853249999999999
base-luna,False,996011,31-40,20,-0.03649999999999949
base-luna,False,996011,41-50,20,3.259499999999997
