session_id,lineup_id,is_control,seed,joint_profit_ratio,switch_gain,firms_gaining_by_switch,best_reply_share,forgone_vs_earlier,forgone_vs_session
oneshot__tie-random__info-full__lineup-base-deepseek__n2__seed996000,base-deepseek,True,996000,0.932351919929012,0.015402122188395762,2,0.2,0.14273096633860755,0.11089053954983219
oneshot__tie-random__info-full__lineup-base-deepseek__n2__seed996001,base-deepseek,True,996001,0.9267056387015477,0.06041074673463642,1,0.23333333333333334,0.1504399897587093,0.1172640586021913
oneshot__tie-random__info-full__lineup-base-deepseek__n2__seed996002,base-deepseek,True,996002,0.9934681536837902,0.006574791846109651,1,0.23333333333333334,0.11507046636509538,0.05850563113819934
oneshot__tie-random__info-full__lineup-base-deepseek__n2__seed996003,base-deepseek,True,996003,0.9515386091740773,0.03250747974585666,1,0.18888888888888888,0.12691312621792789,0.08740523243137843
oneshot__tie-random__info-full__lineup-base-deepseek__n2__seed996004,base-deepseek,True,996004,0.9802600686292214,0.020137443115868736,1,0.17777777777777776,0.14958194856575147,0.07622991182472277
oneshot__tie-random__info-full__lineup-base-deepseek__n2__seed996005,base-deepseek,True,996005,0.9998992418714147,0.00010076828180927144,1,0.16666666666666666,0.10466603415870379,0.06716589164811226
oneshot__tie-random__info-full__lineup-base-deepseek__n2__seed996006,base-deepseek,True,996006,0.980989908365305,0.008944365108748853,1,0.12222222222222223,0.11055196922238042,0.08313679209318453
oneshot__tie-random__info-full__lineup-base-deepseek__n2__seed996007,base-deepseek,True,996007,0.9540300993397182,0.048184958411791934,2,0.23333333333333334,0.1494645980130248,0.09537091931335884
oneshot__tie-random__info-full__lineup-base-deepseek__n2__seed996008,base-deepseek,True,996008,0.9115408805031447,0.09704350225963387,2,0.23333333333333334,0.18719071672043203,0.12403811595076342
oneshot__tie-random__info-full__lineup-base-deepseek__n2__seed996009,base-deepseek,True,996009,0.9825978926057146,0.017710304006593347,1,0.17777777777777776,0.10687834256825507,0.05875863247873825
oneshot__tie-random__info-full__lineup-base-deepseek__n2__seed996010,base-deepseek,True,996010,0.9578427759285646,0.021229216152019115,1,0.2111111111111111,0.12899706322738996,0.08780476510447699
oneshot__tie-random__info-full__lineup-base-deepseek__n2__seed996011,base-deepseek,True,996011,1.0000753250274936,-7.53193540612429e-05,0,0.2222222222222222,0.09447410003882523,0.05653447459070954
oneshot__tie-random__info-full__lineup-base-luna__n2__seed996000,base-luna,True,996000,0.7824943920546299,0.008015495685860241,2,0.14444444444444443,0.2524344842393621,0.1875530981864616
oneshot__tie-random__info-full__lineup-base-luna__n2__seed996001,base-luna,True,996001,0.8015505934806134,0.107017469650184,2,0.11111111111111112,0.1813396404609931,0.15983535852666264
oneshot__tie-random__info-full__lineup-base-luna__n2__seed996002,base-luna,True,996002,0.8281069055021536,0.15324841729641836,2,0.13333333333333333,0.21852118883390148,0.17478447579633594
oneshot__tie-random__info-full__lineup-base-luna__n2__seed996003,base-luna,True,996003,0.8155652229543857,0.04366140836673704,2,0.13333333333333333,0.19102782213155772,0.1436390619975204
oneshot__tie-random__info-full__lineup-base-luna__n2__seed996004,base-luna,True,996004,0.7930708566612484,0.0877278213410051,2,0.14444444444444446,0.2124580296729004,0.1687892424470026
oneshot__tie-random__info-full__lineup-base-luna__n2__seed996005,base-luna,True,996005,0.8650604396107685,0.07953847565667305,2,0.1,0.17661693763669373,0.14043216702623101
oneshot__tie-random__info-full__lineup-base-luna__n2__seed996006,base-luna,True,996006,0.8682322488405141,0.05492881995166132,2,0.15555555555555556,0.1844509566189687,0.13489275316925375
oneshot__tie-random__info-full__lineup-base-luna__n2__seed996007,base-luna,True,996007,0.7574980667420141,0.2913155807543406,2,0.14444444444444443,0.2614975243044506,0.1956106812512295
oneshot__tie-random__info-full__lineup-base-luna__n2__seed996008,base-luna,True,996008,0.836,0.13425716951039668,2,0.11111111111111112,0.1611499833918124,0.15510919676635976
oneshot__tie-random__info-full__lineup-base-luna__n2__seed996009,base-luna,True,996009,0.7709013941931624,0.14899128566312525,2,0.08888888888888889,0.2148997075186581,0.15967569236923557
oneshot__tie-random__info-full__lineup-base-luna__n2__seed996010,base-luna,True,996010,0.8213621365618952,0.10935788633167753,2,0.14444444444444446,0.20837161019933492,0.17714888454712746
oneshot__tie-random__info-full__lineup-base-luna__n2__seed996011,base-luna,True,996011,0.8348423447174559,0.06741374332322803,1,0.2111111111111111,0.17328894507256204,0.15235657469059177
tie-random__info-full__lineup-base-deepseek__n2__seed996000,base-deepseek,False,996000,0.8286311101802811,-0.043702526172961,0,0.5,0.06131767196583604,0.1678856105304249
tie-random__info-full__lineup-base-deepseek__n2__seed996001,base-deepseek,False,996001,0.6993549553724053,0.046068632283191135,1,0.5555555555555556,0.07710619447775652,0.1874644101581211
tie-random__info-full__lineup-base-deepseek__n2__seed996002,base-deepseek,False,996002,1.0190250720214495,0.07390415943570505,1,0.5444444444444444,0.09293909844891612,0.28264749352994784
tie-random__info-full__lineup-base-deepseek__n2__seed996003,base-deepseek,False,996003,1.1127055210799053,-0.007822247264656967,1,0.6111111111111112,0.05242412835719584,0.23209938103330047
tie-random__info-full__lineup-base-deepseek__n2__seed996004,base-deepseek,False,996004,0.9042080549033772,0.0466650687758825,2,0.6777777777777778,0.17064368359497534,0.4069693594192573
tie-random__info-full__lineup-base-deepseek__n2__seed996005,base-deepseek,False,996005,0.9090276229936155,0.02039150617018559,2,0.3222222222222222,0.07546723004713007,0.08970378950260938
tie-random__info-full__lineup-base-deepseek__n2__seed996006,base-deepseek,False,996006,0.7947227178521911,0.28881489702799334,2,0.6333333333333333,0.03951959029194779,0.2675423533929654
tie-random__info-full__lineup-base-deepseek__n2__seed996007,base-deepseek,False,996007,0.9265242995657605,0.035760602986684376,1,0.37777777777777777,0.07364126491161216,0.11211245209197851
tie-random__info-full__lineup-base-deepseek__n2__seed996008,base-deepseek,False,996008,0.8398553459119497,0.1685001160726991,2,0.4,0.11592392645167332,0.19918156331465597
tie-random__info-full__lineup-base-deepseek__n2__seed996009,base-deepseek,False,996009,0.7790794337336462,0.08380319400258274,2,0.37777777777777777,0.06784326283968378,0.13449741659291325
tie-random__info-full__lineup-base-deepseek__n2__seed996010,base-deepseek,False,996010,0.7399206595645272,-0.03718476683531391,1,0.4888888888888889,0.12250144168258165,0.2951779618449363
tie-random__info-full__lineup-base-deepseek__n2__seed996011,base-deepseek,False,996011,0.982804802723753,-0.022057831679890172,1,0.4222222222222222,0.07628149707226844,0.11023771556274753
tie-random__info-full__lineup-base-luna__n2__seed996000,base-luna,False,996000,0.8443939836529081,0.1503204835319767,2,0.7777777777777777,0.032162117216983865,0.3146316529721701
tie-random__info-full__lineup-base-luna__n2__seed996001,base-luna,False,996001,0.7148665410294156,0.0812965392945788,1,0.6444444444444444,0.08113686264193426,0.31375170508548683
tie-random__info-full__lineup-base-luna__n2__seed996002,base-luna,False,996002,1.0921018853931943,0.21271938988717087,2,0.8222222222222222,0.022329294254476606,0.42296808568824434
tie-random__info-full__lineup-base-luna__n2__seed996003,base-luna,False,996003,1.3496577314311302,0.07067760054985417,2,0.9444444444444444,0.016110845977238497,0.4166606789238803
tie-random__info-full__lineup-base-luna__n2__seed996004,base-luna,False,996004,1.2532478478116909,0.06375344058181276,1,0.8555555555555556,0.029425279638648938,0.4672433838775525
tie-random__info-full__lineup-base-luna__n2__seed996005,base-luna,False,996005,0.9190667965326993,0.14902827148599695,1,0.7555555555555555,0.022871459962070795,0.3449584133675646
tie-random__info-full__lineup-base-luna__n2__seed996006,base-luna,False,996006,1.1093073062743393,0.17384277183883268,2,0.9444444444444444,0.008417007317708891,0.3906093446050435
tie-random__info-full__lineup-base-luna__n2__seed996007,base-luna,False,996007,0.9487121527571233,0.06946290630016017,2,0.6666666666666667,0.03521767583432289,0.2973193988591701
tie-random__info-full__lineup-base-luna__n2__seed996008,base-luna,False,996008,1.0767169811320756,0.03739821726889336,1,0.8,0.060344241103958196,0.39017913341221255
tie-random__info-full__lineup-base-luna__n2__seed996009,base-luna,False,996009,0.8861301553704811,0.12429294432866933,2,0.6777777777777778,0.07419365046889453,0.3494232581389815
tie-random__info-full__lineup-base-luna__n2__seed996010,base-luna,False,996010,0.7713782426122564,0.035013731612806076,1,0.7666666666666666,0.09212105919553187,0.3916667147744551
tie-random__info-full__lineup-base-luna__n2__seed996011,base-luna,False,996011,0.9664261287455371,0.09612099067192115,2,0.5888888888888889,0.07650453208261276,0.21461945314156028
