condition_id,session_id,seed,lineup_id,n_bidders,bid_increment,cost_spread,reveal_costs,info_condition,tie_break_rule,is_control,n_valid_rounds,invalid_bid_rate,collusion_index,control_index,delta_index,lowest_cost_win_share,delta_lowest_cost_win_share,repeat_win_rate,chi2_stat,median_loser_gap,median_loser_gap_vs_bne,reserve_bid_rate,below_cost_bid_rate,bid_cost_corr,rival_lag_coef,own_lag_coef,tie_rate,tie_rate_early,tie_rate_late,tie_price_index,mean_rebid_delta,bafo_overshoot_rate,bid_slope,bid_intercept,markup_ratio,markup_ratio_min_cost,markup_ratio_other
oneshot__tie-random__info-full__lineup-base-deepseek__n2,oneshot__tie-random__info-full__lineup-base-deepseek__n2__seed996000,996000,base-deepseek,2,0.01,0.0,False,full,random,True,50,0.0,-0.04659968364023157,,,0.96,,0.4897959183673469,0.32,14.974999999999994,0.0049999999999954525,0.0,0.01,0.9044009736733715,0.024910889285175007,-0.013415425828090917,0.0,0.0,0.0,,,,0.5289348391875606,47.72242643135047,0.9637186380556472,0.9976190344964424,0.9044955179618521
oneshot__tie-random__info-full__lineup-base-deepseek__n2,oneshot__tie-random__info-full__lineup-base-deepseek__n2__seed996001,996001,base-deepseek,2,0.01,0.0,False,full,random,True,50,0.0,-0.039112364344261026,,,0.98,,0.5306122448979592,0.0,18.395,0.0049999999999954525,0.01,0.01,0.8349913981709105,0.04465900340329993,0.0939014682980564,0.0,0.0,0.0,,,,0.43353318328670437,52.17820356408591,0.9620506819481172,1.0000875881885916,0.8824190514497984
oneshot__tie-random__info-full__lineup-base-deepseek__n2,oneshot__tie-random__info-full__lineup-base-deepseek__n2__seed996002,996002,base-deepseek,2,0.01,0.0,False,full,random,True,50,0.0,-0.006531846316209388,,,1.0,,0.5714285714285714,0.32,18.799999999999994,0.0025000000000048317,0.0,0.0,0.9973490482812288,0.011208320659702979,0.010323346089640173,0.0,0.0,0.0,,,,0.5033962418199857,49.72220906543902,0.9956050134253558,0.9934681536837902,1.0001392041155999
oneshot__tie-random__info-full__lineup-base-deepseek__n2,oneshot__tie-random__info-full__lineup-base-deepseek__n2__seed996003,996003,base-deepseek,2,0.01,0.0,False,full,random,True,50,0.0,-0.04000383852600574,,,0.98,,0.42857142857142855,1.28,11.299999999999997,3.552713678800501e-15,0.0,0.01,0.945259879743606,-0.023054352722402124,-0.000102327250566821,0.0,0.0,0.0,,,,0.4996126227740227,49.29345765960615,0.9695297826670245,0.9680570660866227,0.9723296601717387
oneshot__tie-random__info-full__lineup-base-deepseek__n2,oneshot__tie-random__info-full__lineup-base-deepseek__n2__seed996004,996004,base-deepseek,2,0.01,0.0,False,full,random,True,50,0.0,-0.019739931370778382,,,1.0,,0.4897959183673469,0.72,16.404999999999998,0.0049999999999954525,0.01,0.0,0.9648989049728436,0.02372786967412751,-0.0015307643068689235,0.0,0.0,0.0,,,,0.5069525971739243,49.29422289493435,0.9856719238462854,0.9802600686292214,0.9965555858228154
oneshot__tie-random__info-full__lineup-base-deepseek__n2,oneshot__tie-random__info-full__lineup-base-deepseek__n2__seed996005,996005,base-deepseek,2,0.01,0.0,False,full,random,True,50,0.0,-0.00010075812858556539,,,1.0,,0.4897959183673469,3.92,14.969999999999999,1.4210854715202004e-14,0.0,0.0,0.9983684187237598,0.0060227951073203645,-0.003926477181651791,0.0,0.0,0.0,,,,0.49836243395279317,49.9901165171344,0.9962663372970706,0.9998992418714147,0.9891829141241257
oneshot__tie-random__info-full__lineup-base-deepseek__n2,oneshot__tie-random__info-full__lineup-base-deepseek__n2__seed996006,996006,base-deepseek,2,0.01,0.0,False,full,random,True,50,0.0,0.0052663286454263936,,,0.96,,0.5510204081632653,5.12,12.319999999999997,0.0049999999999954525,0.01,0.0,0.9532591230779315,-0.014517771310614262,0.027882432084627064,0.0,0.0,0.0,,,,0.4935223716868198,50.438297508420646,1.0054747262636867,1.0227227524421985,0.9773963314203663
oneshot__tie-random__info-full__lineup-base-deepseek__n2,oneshot__tie-random__info-full__lineup-base-deepseek__n2__seed996007,996007,base-deepseek,2,0.01,0.0,False,full,random,True,50,0.0,-0.04596990066028174,,,1.0,,0.3877551020408163,0.72,17.450000000000003,0.0049999999999954525,0.0,0.01,0.9427689570585676,-0.02939641469955182,-0.05084833464840157,0.0,0.0,0.0,,,,0.5260380223187605,47.88062123602341,0.967807609110574,0.9540300993397182,0.9984772044121346
oneshot__tie-random__info-full__lineup-base-deepseek__n2,oneshot__tie-random__info-full__lineup-base-deepseek__n2__seed996008,996008,base-deepseek,2,0.01,0.0,False,full,random,True,50,0.0,-0.08845911949685543,,,1.0,,0.5714285714285714,0.0,16.93,1.4210854715202004e-14,0.0,0.01,0.9127527497120311,0.0014019236016742107,0.056446220279626494,0.0,0.0,0.0,,,,0.5501977652469251,45.82198436993639,0.9368009862970115,0.9115408805031447,0.9964785070058394
oneshot__tie-random__info-full__lineup-base-deepseek__n2,oneshot__tie-random__info-full__lineup-base-deepseek__n2__seed996009,996009,base-deepseek,2,0.01,0.0,False,full,random,True,50,0.0,-0.017402107394285278,,,1.0,,0.40816326530612246,0.72,7.899999999999999,0.0025000000000048317,0.01,0.0,0.9808601208625719,0.01928908754533615,-0.03249023931129224,0.0,0.0,0.0,,,,0.5079863269687867,49.332997250325434,0.9888625226826923,0.9825978926057148,0.9982103051635673
oneshot__tie-random__info-full__lineup-base-deepseek__n2,oneshot__tie-random__info-full__lineup-base-deepseek__n2__seed996010,996010,base-deepseek,2,0.01,0.0,False,full,random,True,50,0.0,-0.031094834165721532,,,0.98,,0.46938775510204084,1.28,14.095000000000002,0.0049999999999954525,0.01,0.0,0.9553315676849904,-0.017429616593293784,-0.0257029247451489,0.0,0.0,0.0,,,,0.5317714839714477,47.937737856498394,0.9789790247930418,0.9711222870011116,0.9940374881806552
oneshot__tie-random__info-full__lineup-base-deepseek__n2,oneshot__tie-random__info-full__lineup-base-deepseek__n2__seed996011,996011,base-deepseek,2,0.01,0.0,False,full,random,True,50,0.0,7.532502749356651e-05,,,1.0,,0.46938775510204084,0.08,15.899999999999999,0.0049999999999954525,0.0,0.0,0.9999451127609458,-0.0006230152639122451,0.001202181144258719,0.0,0.0,0.0,,,,0.49917989480746855,50.02845203361344,0.9994167087010042,1.0000753250274936,0.9979580124654664
oneshot__tie-random__info-full__lineup-base-luna__n2,oneshot__tie-random__info-full__lineup-base-luna__n2__seed996000,996000,base-luna,2,0.01,0.0,False,full,random,True,50,0.0,-0.1709389932704654,,,0.82,,0.7142857142857143,6.48,13.48,0.0,0.01,0.01,0.9050596441538667,0.02720671360497197,0.10062345809685717,0.0,0.0,0.0,,,,0.5671807166186968,42.94313315610651,0.8537634333223506,0.8985554373646238,0.7755129550640774
oneshot__tie-random__info-full__lineup-base-luna__n2,oneshot__tie-random__info-full__lineup-base-luna__n2__seed996001,996001,base-luna,2,0.01,0.0,False,full,random,True,50,0.0,-0.14720749076792272,,,0.9,,0.5918367346938775,2.88,19.395000000000003,0.0049999999999954525,0.02,0.0,0.9249596275602623,0.03580966295076517,-0.003292423673047622,0.0,0.0,0.0,,,,0.570996160446731,43.005340851682334,0.8620214269188334,0.8802556444936697,0.823847436974293
oneshot__tie-random__info-full__lineup-base-luna__n2,oneshot__tie-random__info-full__lineup-base-luna__n2__seed996002,996002,base-luna,2,0.01,0.0,False,full,random,True,50,0.0,-0.17052397387261428,,,0.98,,0.6122448979591837,0.08,20.024999999999995,7.105427357601002e-15,0.0,0.0,0.9138365152811232,-0.055055463491086025,-0.00581148499741036,0.0,0.0,0.0,,,,0.5922085667170209,42.32404951241192,0.8754844275563911,0.840092415642203,0.9505825389620216
oneshot__tie-random__info-full__lineup-base-luna__n2,oneshot__tie-random__info-full__lineup-base-luna__n2__seed996003,996003,base-luna,2,0.01,0.0,False,full,random,True,50,0.0,-0.14540336510779883,,,0.88,,0.46938775510204084,3.92,14.86,0.0,0.01,0.0,0.9261786072628757,0.0017679146182089298,-0.032967705125820715,0.0,0.0,0.0,,,,0.540954793785222,45.142593631878064,0.8861475382345051,0.8931994114260126,0.8727407623634729
oneshot__tie-random__info-full__lineup-base-luna__n2,oneshot__tie-random__info-full__lineup-base-luna__n2__seed996004,996004,base-luna,2,0.01,0.0,False,full,random,True,50,0.0,-0.17388477514899794,,,0.88,,0.4897959183673469,0.08,16.974999999999994,0.0,0.01,0.01,0.9033092742237339,-0.03340488340206479,0.007606564662250342,0.0,0.0,0.0,,,,0.5796065255806044,42.255445434107216,0.849475789833439,0.8739690566492083,0.8002179242713157
oneshot__tie-random__info-full__lineup-base-luna__n2,oneshot__tie-random__info-full__lineup-base-luna__n2__seed996005,996005,base-luna,2,0.01,0.0,False,full,random,True,50,0.0,-0.10643416982935218,,,0.96,,0.4897959183673469,3.92,15.215,3.552713678800501e-15,0.01,0.01,0.9415627512990604,0.04670707287236334,0.0002847233981071728,0.0,0.0,0.0,,,,0.537880280067096,45.27550956639095,0.8864401443413822,0.8985060317479704,0.8629141241256141
oneshot__tie-random__info-full__lineup-base-luna__n2,oneshot__tie-random__info-full__lineup-base-luna__n2__seed996006,996006,base-luna,2,0.01,0.0,False,full,random,True,50,0.0,-0.09634758345559945,,,0.92,,0.46938775510204084,1.28,13.23,0.0025000000000048317,0.01,0.0,0.9242819820389481,0.03265402835712117,-0.018153071392626455,0.0,0.0,0.0,,,,0.5411297409644185,45.721106560840276,0.9118151235295378,0.9292144321041391,0.8834904531526415
oneshot__tie-random__info-full__lineup-base-luna__n2,oneshot__tie-random__info-full__lineup-base-luna__n2__seed996007,996007,base-luna,2,0.01,0.0,False,full,random,True,50,0.0,-0.230949973231812,,,0.96,,0.42857142857142855,2.0,23.884999999999998,0.0049999999999954525,0.0,0.0,0.916503401297939,-0.038657364014529065,-0.04458438428428426,0.0,0.0,0.0,,,,0.6089725446648848,40.26501995034378,0.8297616457810851,0.7793171137945393,0.942054317456534
oneshot__tie-random__info-full__lineup-base-luna__n2,oneshot__tie-random__info-full__lineup-base-luna__n2__seed996008,996008,base-luna,2,0.01,0.0,False,full,random,True,50,0.0,-0.15544025157232721,,,0.94,,0.6122448979591837,0.72,19.21,0.0,0.0,0.0,0.9236249977729698,-0.014886031235570755,0.08927007059302408,0.0,0.0,0.0,,,,0.5642609324691612,43.37216940882463,0.8625635768290908,0.8637861635220127,0.8596751905618045
oneshot__tie-random__info-full__lineup-base-luna__n2,oneshot__tie-random__info-full__lineup-base-luna__n2__seed996009,996009,base-luna,2,0.01,0.0,False,full,random,True,50,0.0,-0.1986134756668044,,,0.9,,0.4897959183673469,2.88,12.760000000000002,7.105427357601002e-15,0.01,0.0,0.8851656869174398,0.06043160717873294,0.030611131253063317,0.0,0.0,0.0,,,,0.5678469881175463,42.828052580883764,0.8500811801611848,0.8307243976134604,0.8789644486961776
oneshot__tie-random__info-full__lineup-base-luna__n2,oneshot__tie-random__info-full__lineup-base-luna__n2__seed996010,996010,base-luna,2,0.01,0.0,False,full,random,True,50,0.0,-0.15785960747669006,,,0.94,,0.5102040816326531,0.32,18.965,0.0,0.01,0.0,0.9114023437172731,0.04748308798887292,0.04832345125878523,0.0,0.0,0.0,,,,0.5833675239822995,43.06813216110624,0.8868475402426863,0.8746368883691101,0.9102508482118026
oneshot__tie-random__info-full__lineup-base-luna__n2,oneshot__tie-random__info-full__lineup-base-luna__n2__seed996011,996011,base-luna,2,0.01,0.0,False,full,random,True,50,0.0,-0.15050241793338254,,,0.94,,0.5510204081632653,0.32,18.8,0.0,0.02,0.01,0.9332811444654858,0.05513124965592684,0.020021727222309205,0.0,0.0,0.0,,,,0.5551339431017261,43.708427885358745,0.8574257549055626,0.8665993763087725,0.8371081185687403
tie-random__info-full__lineup-base-deepseek__n2,tie-random__info-full__lineup-base-deepseek__n2__seed996000,996000,base-deepseek,2,0.01,0.0,False,full,random,False,50,0.0,-0.10312005687862008,-0.04659968364023157,-0.05652037323838851,0.88,-0.07999999999999996,0.4489795918367347,0.32,14.914999999999996,-3.042500000000011,0.01,0.0,0.9132980425536459,0.03669314793879271,-0.020268024306712467,0.02,0.0,0.04,-0.05685035939882377,,,0.48361608564770114,46.612731835853424,0.8566130852652313,0.8998671729892692,0.7810493072338459
tie-random__info-full__lineup-base-deepseek__n2,tie-random__info-full__lineup-base-deepseek__n2__seed996001,996001,base-deepseek,2,0.01,0.0,False,full,random,False,50,0.0,-0.25496356613897153,-0.039112364344261026,-0.2158512017947105,0.9,-0.07999999999999996,0.4489795918367347,0.0,20.130000000000003,-5.3675,0.04,0.0,0.9044100999029672,-0.06611026411612562,-0.05136468449976704,0.0,0.0,0.0,,,,0.5307240333103002,40.655673669855354,0.6987018797790385,0.752371238299207,0.5863431485052467
tie-random__info-full__lineup-base-deepseek__n2,tie-random__info-full__lineup-base-deepseek__n2__seed996002,996002,base-deepseek,2,0.01,0.0,False,full,random,False,50,0.0,0.1492797855044356,-0.006531846316209388,0.155811631820645,0.76,-0.24,0.46938775510204084,0.32,12.295000000000002,0.6374999999999957,0.01,0.0,0.7013195010274742,0.23023501073008093,0.020260414793743176,0.02,0.0,0.04,-0.1650591446769795,,,0.2826135563492193,63.10707552190532,1.1000959646384847,1.1798967454861806,0.9307671357240128
tie-random__info-full__lineup-base-deepseek__n2,tie-random__info-full__lineup-base-deepseek__n2__seed996003,996003,base-deepseek,2,0.01,0.0,False,full,random,False,50,0.0,0.18075618962318482,-0.04000383852600574,0.22076002814919055,0.8,-0.17999999999999994,0.42857142857142855,0.08,7.005000000000003,1.3099999999999952,0.04,0.0,0.8016281897500879,0.1455259331648788,0.06461542854305319,0.04,0.0,0.08,0.3273800738007381,,,0.31568943280494177,63.797410525125244,1.1743610812986318,1.1855671422173886,1.1530565083071835
tie-random__info-full__lineup-base-deepseek__n2,tie-random__info-full__lineup-base-deepseek__n2__seed996004,996004,base-deepseek,2,0.01,0.0,False,full,random,False,50,0.0,0.045463849256516475,-0.019739931370778382,0.06520378062729486,0.74,-0.26,0.5306122448979592,0.32,12.039999999999992,6.569999999999986,0.05,0.0,0.7678975408789668,0.0993923260491883,0.04824515643091526,0.04,0.08,0.0,0.2955219222967701,,,0.5972236455433889,48.77783541045762,1.1473276841269362,1.0825657696707,1.2775689336844334
tie-random__info-full__lineup-base-deepseek__n2,tie-random__info-full__lineup-base-deepseek__n2__seed996005,996005,base-deepseek,2,0.01,0.0,False,full,random,False,50,0.0,-0.08570852810693813,-0.00010075812858556539,-0.08560776997835257,0.96,-0.040000000000000036,0.4897959183673469,3.92,13.770000000000003,-2.7025000000000006,0.02,0.0,0.9482946267378527,0.06389004497998552,-0.023048179470662115,0.0,0.0,0.0,,,,0.4945314330657997,47.16009357668394,0.8742340945968857,0.9177172482649756,0.7894508111326091
tie-random__info-full__lineup-base-deepseek__n2,tie-random__info-full__lineup-base-deepseek__n2__seed996006,996006,base-deepseek,2,0.01,0.0,False,full,random,False,50,0.0,-0.04450869218064056,0.0052663286454263936,-0.049775020826066954,0.72,-0.24,0.3469387755102041,2.88,4.975000000000001,-0.5025000000000048,0.01,0.0,0.8067603090081189,0.044987060251947514,-0.07116637996527177,0.0,0.0,0.0,,,,0.34810166900990513,53.73730124823741,0.8947981172369952,0.9691658907935812,0.7737333827607727
tie-random__info-full__lineup-base-deepseek__n2,tie-random__info-full__lineup-base-deepseek__n2__seed996007,996007,base-deepseek,2,0.01,0.0,False,full,random,False,50,0.0,-0.06714651121289576,-0.04596990066028174,-0.021176610552614022,0.96,-0.040000000000000036,0.3877551020408163,2.0,14.780000000000001,-0.8625000000000043,0.01,0.0,0.9573372754544529,0.028443989794516625,-0.06926116299614048,0.0,0.0,0.0,,,,0.5101151733887049,47.40555257663284,0.9147966785563297,0.9351317589673428,0.8695295223718533
tie-random__info-full__lineup-base-deepseek__n2,tie-random__info-full__lineup-base-deepseek__n2__seed996008,996008,base-deepseek,2,0.01,0.0,False,full,random,False,50,0.0,-0.12298742138364785,-0.08845911949685543,-0.034528301886792415,0.92,-0.07999999999999996,0.5714285714285714,0.0,23.904999999999998,1.0375000000000085,0.02,0.0,0.9307408088299335,0.002107822944068822,-0.01694888032387316,0.0,0.0,0.0,,,,0.5645381746876668,44.708193225232066,0.9222716647297186,0.8851886792452829,1.0098809824519697
tie-random__info-full__lineup-base-deepseek__n2,tie-random__info-full__lineup-base-deepseek__n2__seed996009,996009,base-deepseek,2,0.01,0.0,False,full,random,False,50,0.0,-0.15810978695992242,-0.017402107394285278,-0.14070767956563715,0.8,-0.19999999999999996,0.4489795918367347,0.72,9.969999999999995,-2.269999999999996,0.02,0.0,0.9217093756026191,0.04193133218117863,0.0008854406699016641,0.02,0.04,0.0,-0.503759398496241,,,0.5138718064651082,45.23359482573362,0.8481269789960109,0.8713139772082393,0.8135284451625604
tie-random__info-full__lineup-base-deepseek__n2,tie-random__info-full__lineup-base-deepseek__n2__seed996010,996010,base-deepseek,2,0.01,0.0,False,full,random,False,50,0.0,-0.1709185672289762,-0.031094834165721532,-0.13982373306325466,0.82,-0.16000000000000003,0.3469387755102041,0.32,11.34,-2.1599999999999966,0.03,0.0,0.8871873386639997,0.005132120437111562,-0.010330604419097751,0.0,0.0,0.0,,,,0.500043648423021,43.75307399806911,0.7618201269687497,0.8442414340479003,0.6038489348684577
tie-random__info-full__lineup-base-deepseek__n2,tie-random__info-full__lineup-base-deepseek__n2__seed996011,996011,base-deepseek,2,0.01,0.0,False,full,random,False,50,0.0,-0.011687431265912466,7.532502749356651e-05,-0.011762756293406031,0.94,-0.06000000000000005,0.42857142857142855,0.0,13.25,0.0,0.07,0.0,0.948696275966223,0.03401882008715445,-0.024099020645465152,0.0,0.0,0.0,,,,0.4841665657193998,49.92431931493553,0.9627918272793506,0.9977733921872882,0.8853150399722398
tie-random__info-full__lineup-base-luna__n2,tie-random__info-full__lineup-base-luna__n2__seed996000,996000,base-luna,2,0.01,0.0,False,full,random,False,50,0.0,-0.02783304581705121,-0.1709389932704654,0.1431059474534142,0.76,-0.05999999999999994,0.32653061224489793,0.32,4.864999999999998,2.3299999999999983,0.05,0.0,0.8411824303849929,0.037002229380300025,-0.057288515765172444,0.12,0.08,0.16,0.1671828123487856,,,0.552037242892122,47.074799975315116,0.9757902263598064,0.9779430001267643,0.9720293859944734
tie-random__info-full__lineup-base-luna__n2,tie-random__info-full__lineup-base-luna__n2__seed996001,996001,base-luna,2,0.01,0.0,False,full,random,False,50,0.0,-0.19094507655490245,-0.14720749076792272,-0.04373758578697973,0.8,-0.09999999999999998,0.4489795918367347,0.08,30.305,0.0,0.07,0.0,0.8465579616458505,0.0008573430339163114,-0.007009393420454222,0.0,0.0,0.0,,,,0.536840028801444,43.36743273413366,0.8135613313524047,0.84381330718873,0.7502277324941735
tie-random__info-full__lineup-base-luna__n2,tie-random__info-full__lineup-base-luna__n2__seed996002,996002,base-luna,2,0.01,0.0,False,full,random,False,50,0.0,0.48677942896260623,-0.17052397387261428,0.6573034028352205,0.52,-0.45999999999999996,0.42857142857142855,1.28,0.07000000000000028,9.232499999999995,0.01,0.0,0.5124189416654041,0.14084886233848576,0.1811722161446962,0.14,0.12,0.16,0.5433117926114075,,,0.12489282612384255,79.06127669832271,1.422599187693262,1.5067229527368151,1.2440974428809202
tie-random__info-full__lineup-base-luna__n2,tie-random__info-full__lineup-base-luna__n2__seed996003,996003,base-luna,2,0.01,0.0,False,full,random,False,50,0.0,0.6694261403621009,-0.14540336510779883,0.8148295054698997,0.6,-0.28,0.46938775510204084,0.08,0.03499999999999659,11.757500000000007,0.05,0.0,0.3209106288803027,0.15849648832446678,0.20091879783107797,0.12,0.12,0.12,0.750051366344771,,,0.07151372828726132,87.73943248745462,1.6427756909042126,1.6753054826946454,1.5809311829526385
tie-random__info-full__lineup-base-luna__n2,tie-random__info-full__lineup-base-luna__n2__seed996004,996004,base-luna,2,0.01,0.0,False,full,random,False,50,0.0,0.6301125760038521,-0.17388477514899794,0.80399735115285,0.62,-0.26,0.2857142857142857,0.32,0.09500000000000597,21.067500000000003,0.04,0.0,0.34958565496132515,0.3838042996708762,0.103842780660562,0.04,0.0,0.08,0.9259077124825832,,,0.235069352717628,80.33106693644113,1.684179206497593,1.6315814821503822,1.7899573231635342
tie-random__info-full__lineup-base-luna__n2,tie-random__info-full__lineup-base-luna__n2__seed996005,996005,base-luna,2,0.01,0.0,False,full,random,False,50,0.0,0.14077742529395404,-0.10643416982935218,0.2472115951233062,0.72,-0.24,0.4489795918367347,0.08,1.7399999999999949,0.0024999999999977263,0.04,0.0,0.7646136403538031,0.007396920387440775,-0.11867371188539923,0.14,0.16,0.12,0.21044478040950376,,,0.32932293448396066,59.98869449693659,1.055617446901262,1.1500593862303332,0.8714749218633725
tie-random__info-full__lineup-base-luna__n2,tie-random__info-full__lineup-base-luna__n2__seed996006,996006,base-luna,2,0.01,0.0,False,full,random,False,50,0.0,0.2817211987743603,-0.09634758345559945,0.37806878222995977,0.7,-0.22000000000000008,0.42857142857142855,0.08,0.05500000000000682,6.234999999999999,0.06,0.0,0.6480041946261362,0.10092531456608338,-0.01273657805274666,0.0,0.0,0.0,,,,0.22986460912559378,68.64570081937941,1.241434356853586,1.2906627157191406,1.161294560948256
tie-random__info-full__lineup-base-luna__n2,tie-random__info-full__lineup-base-luna__n2__seed996007,996007,base-luna,2,0.01,0.0,False,full,random,False,50,0.0,0.042192611980251364,-0.230949973231812,0.27314258521206336,0.84,-0.12,0.3877551020408163,0.72,11.990000000000002,0.7325000000000017,0.04,0.0,0.8327685374255333,0.06368782568507655,0.02236354488257179,0.0,0.0,0.0,,,,0.4149837396761753,54.20294073509583,0.9935886121931298,1.0527273808815658,0.861942027834055
tie-random__info-full__lineup-base-luna__n2,tie-random__info-full__lineup-base-luna__n2__seed996008,996008,base-luna,2,0.01,0.0,False,full,random,False,50,0.0,0.2893207547169812,-0.15544025157232721,0.4447610062893084,0.74,-0.19999999999999996,0.3673469387755102,0.08,4.319999999999993,5.800000000000004,0.03,0.0,0.6052542515709065,0.27003513411348806,0.0807292263744363,0.06,0.0,0.12,0.8539350921833847,,,0.3433440679107924,65.9849143913768,1.3274223269008976,1.3252201257861635,1.3326250724357738
tie-random__info-full__lineup-base-luna__n2,tie-random__info-full__lineup-base-luna__n2__seed996009,996009,base-luna,2,0.01,0.0,False,full,random,False,50,0.0,-0.02460467185079469,-0.1986134756668044,0.17400880381600972,0.7,-0.20000000000000007,0.4489795918367347,1.28,6.179999999999996,2.9475000000000016,0.06,0.0,0.7794150900510997,0.000709957838017076,0.06636497879960178,0.14,0.04,0.24,-0.23065979014760807,,,0.4850286699818993,51.71849199058052,1.0380738629267467,0.9901317504869706,1.109610798588384
tie-random__info-full__lineup-base-luna__n2,tie-random__info-full__lineup-base-luna__n2__seed996010,996010,base-luna,2,0.01,0.0,False,full,random,False,50,0.0,-0.04880858757193308,-0.15785960747669006,0.10905101990475699,0.66,-0.2799999999999999,0.46938775510204084,0.32,4.98,4.949999999999996,0.05,0.0,0.8499690123778516,0.010989234489023248,0.02735838245150277,0.1,0.16,0.04,0.24505001929527667,,,0.6072451149098296,44.83656856917016,0.9976105160179336,0.9687426543351393,1.0529395405751154
tie-random__info-full__lineup-base-luna__n2,tie-random__info-full__lineup-base-luna__n2__seed996011,996011,base-luna,2,0.01,0.0,False,full,random,False,50,0.0,-0.0033956522394127525,-0.15050241793338254,0.1471067656939698,0.88,-0.05999999999999994,0.46938775510204084,0.08,23.700000000000003,2.9099999999999966,0.02,0.0,0.8879191566698867,0.03728688847309344,0.02770193210895582,0.02,0.0,0.04,0.5500285877644367,,,0.5261948353727569,49.963400037323325,1.0548397609543556,1.0089636782717426,1.156445607057536
