condition_id,session_id,seed,lineup_id,n_bidders,bid_increment,cost_spread,reveal_costs,info_condition,tie_break_rule,is_control,n_valid_rounds,invalid_bid_rate,collusion_index,control_index,delta_index,lowest_cost_win_share,delta_lowest_cost_win_share,repeat_win_rate,chi2_stat,median_loser_gap,median_loser_gap_vs_bne,reserve_bid_rate,below_cost_bid_rate,bid_cost_corr,rival_lag_coef,own_lag_coef,tie_rate,tie_rate_early,tie_rate_late,tie_price_index,mean_rebid_delta,bafo_overshoot_rate
oneshot__tie-random__info-full__lineup-open-deepseek__n2__costs-public,oneshot__tie-random__info-full__lineup-open-deepseek__n2__costs-public__seed995000,995000,open-deepseek,2,0.01,0.0,True,full,random,True,50,0.0,0.0006718342519881301,,,1.0,,0.4897959183673469,1.28,0.010000000000005116,0.0,0.15,0.0,0.6395241520681223,0.005334043351442406,0.030440211091923863,0.0,0.0,0.0,,,
oneshot__tie-random__info-full__lineup-open-deepseek__n2__costs-public,oneshot__tie-random__info-full__lineup-open-deepseek__n2__costs-public__seed995001,995001,open-deepseek,2,0.01,0.0,True,full,random,True,50,0.0,-0.000317116020067264,,,1.0,,0.5102040816326531,0.32,0.010000000000005116,0.0,0.17,0.0,0.6542103609885093,-0.007929045343106471,-0.21994086278157512,0.0,0.0,0.0,,,
oneshot__tie-random__info-full__lineup-open-deepseek__n2__costs-public,oneshot__tie-random__info-full__lineup-open-deepseek__n2__costs-public__seed995002,995002,open-deepseek,2,0.01,0.0,True,full,random,True,50,0.0,0.018216066801867395,,,1.0,,0.5306122448979592,0.32,0.010000000000005116,0.0,0.18,0.0,0.5902162672652247,-0.11498960776656235,-0.03551095845843375,0.0,0.0,0.0,,,
oneshot__tie-random__info-full__lineup-open-deepseek__n2__costs-public,oneshot__tie-random__info-full__lineup-open-deepseek__n2__costs-public__seed995003,995003,open-deepseek,2,0.01,0.0,True,full,random,True,50,0.0,-0.0003257307769978991,,,1.0,,0.5306122448979592,1.28,0.010000000000005116,0.0,0.13,0.0,0.6551161862189794,-0.019358551710319097,0.08142719666448985,0.0,0.0,0.0,,,
oneshot__tie-random__info-full__lineup-open-luna__n2__costs-public,oneshot__tie-random__info-full__lineup-open-luna__n2__costs-public__seed995000,995000,open-luna,2,0.01,0.0,True,full,random,True,50,0.0,-0.15470970258692335,,,0.82,,0.6122448979591837,3.92,2.3299999999999983,0.010000000000005116,0.2,0.09,0.6003620058556418,0.13730690669752046,-0.20215040833071593,0.0,0.0,0.0,,,
oneshot__tie-random__info-full__lineup-open-luna__n2__costs-public,oneshot__tie-random__info-full__lineup-open-luna__n2__costs-public__seed995001,995001,open-luna,2,0.01,0.0,True,full,random,True,50,0.0,-0.24046907801688322,,,0.68,,0.5306122448979592,1.28,0.245000000000001,0.0,0.1,0.17,0.48262712056530166,-0.20355077651360723,0.16166434794250006,0.04,0.0,0.08,-1.5696874999999997,,
oneshot__tie-random__info-full__lineup-open-luna__n2__costs-public,oneshot__tie-random__info-full__lineup-open-luna__n2__costs-public__seed995002,995002,open-luna,2,0.01,0.0,True,full,random,True,50,0.0,-0.27728981877756065,,,0.74,,0.5306122448979592,0.08,3.7550000000000026,0.009999999999990905,0.14,0.15,0.5893257215044998,0.13167289122038445,-0.06300426314564535,0.02,0.0,0.04,-0.0008771929824553421,,
oneshot__tie-random__info-full__lineup-open-luna__n2__costs-public,oneshot__tie-random__info-full__lineup-open-luna__n2__costs-public__seed995003,995003,open-luna,2,0.01,0.0,True,full,random,True,50,0.0,-0.3269620393352482,,,0.66,,0.6122448979591837,3.92,8.739999999999998,0.0049999999999954525,0.14,0.17,0.5841011667501514,0.0062545282729615514,-0.0991378154038287,0.0,0.0,0.0,,,
tie-random__info-full__lineup-open-deepseek__n2__costs-public,tie-random__info-full__lineup-open-deepseek__n2__costs-public__seed995000,995000,open-deepseek,2,0.01,0.0,True,full,random,False,50,0.0,0.11637903010250869,0.0006718342519881301,0.11570719585052056,0.9,-0.09999999999999998,0.5306122448979592,6.48,2.1300000000000026,12.605000000000004,0.21,0.04,0.509981735323305,0.0789207201616932,-0.02045390920798475,0.06,0.0,0.12,0.08334830249685576,,
tie-random__info-full__lineup-open-deepseek__n2__costs-public,tie-random__info-full__lineup-open-deepseek__n2__costs-public__seed995001,995001,open-deepseek,2,0.01,0.0,True,full,random,False,50,0.0,-0.0873781481692895,-0.000317116020067264,-0.08706103214922224,0.72,-0.28,0.5510204081632653,0.32,2.2949999999999946,1.2100000000000009,0.12,0.11,0.37129109844144415,-0.059874368468424644,-0.01887682835492049,0.12,0.08,0.16,-0.00025769875016101046,,
tie-random__info-full__lineup-open-deepseek__n2__costs-public,tie-random__info-full__lineup-open-deepseek__n2__costs-public__seed995002,995002,open-deepseek,2,0.01,0.0,True,full,random,False,50,0.0,-0.19791568934533307,0.018216066801867395,-0.21613175614720048,0.86,-0.14,0.5306122448979592,2.0,0.01999999999999602,0.009999999999990905,0.16,0.11,0.5172140450130838,-0.04692748924239324,-0.11672129707193316,0.08,0.04,0.12,-0.00023192439264778578,,
tie-random__info-full__lineup-open-deepseek__n2__costs-public,tie-random__info-full__lineup-open-deepseek__n2__costs-public__seed995003,995003,open-deepseek,2,0.01,0.0,True,full,random,False,50,0.0,0.01772626888424191,-0.0003257307769978991,0.01805199966123981,0.86,-0.14,0.5306122448979592,0.08,0.06500000000000483,0.28500000000000014,0.14,0.07,0.6661502030435063,-0.014530974391320596,-0.08130047602500405,0.14,0.16,0.12,0.13098269388459724,,
tie-random__info-full__lineup-open-luna__n2__costs-public,tie-random__info-full__lineup-open-luna__n2__costs-public__seed995000,995000,open-luna,2,0.01,0.0,True,full,random,False,50,0.0,-0.07747043568090002,-0.15470970258692335,0.07723926690602333,0.82,0.0,0.5306122448979592,2.0,8.989999999999998,2.7049999999999983,0.31,0.09,0.6365408601098841,-0.15153245197135948,0.1510555224016053,0.0,0.0,0.0,,,
tie-random__info-full__lineup-open-luna__n2__costs-public,tie-random__info-full__lineup-open-luna__n2__costs-public__seed995001,995001,open-luna,2,0.01,0.0,True,full,random,False,50,0.0,-0.16491935739609676,-0.24046907801688322,0.07554972062078646,0.86,0.17999999999999994,0.5510204081632653,0.72,11.185000000000002,0.1700000000000017,0.23,0.07,0.5629369670775823,-0.09750628678003145,-0.05817283098295633,0.02,0.0,0.04,-0.0008298755186726239,,
tie-random__info-full__lineup-open-luna__n2__costs-public,tie-random__info-full__lineup-open-luna__n2__costs-public__seed995002,995002,open-luna,2,0.01,0.0,True,full,random,False,50,0.0,-0.3012651650199556,-0.27728981877756065,-0.023975346242394946,0.76,0.020000000000000018,0.5306122448979592,2.88,12.370000000000003,0.010000000000005116,0.2,0.15,0.5238883165473478,0.12337857343725041,-0.023707952757448268,0.06,0.04,0.08,0.0003669275929556992,,
tie-random__info-full__lineup-open-luna__n2__costs-public,tie-random__info-full__lineup-open-luna__n2__costs-public__seed995003,995003,open-luna,2,0.01,0.0,True,full,random,False,50,0.0,-0.04768698575253529,-0.3269620393352482,0.27927505358271293,0.82,0.15999999999999992,0.4897959183673469,2.0,7.815000000000005,3.085000000000001,0.16,0.08,0.5791003994091809,0.12496954057371827,-0.012489974031599873,0.0,0.0,0.0,,,
