condition_id,metric,n_sessions,mean,ci_low,ci_high
oneshot__tie-random__info-full__lineup-costrange-deepseek__n2,bafo_overshoot_rate,0,,,
oneshot__tie-random__info-full__lineup-costrange-deepseek__n2,below_cost_bid_rate,5,0.004,,
oneshot__tie-random__info-full__lineup-costrange-deepseek__n2,bid_cost_corr,5,0.9932086512673347,,
oneshot__tie-random__info-full__lineup-costrange-deepseek__n2,chi2_stat,5,1.9600000000000002,,
oneshot__tie-random__info-full__lineup-costrange-deepseek__n2,collusion_index,5,-0.030609759700352145,,
oneshot__tie-random__info-full__lineup-costrange-deepseek__n2,control_index,0,,,
oneshot__tie-random__info-full__lineup-costrange-deepseek__n2,delta_index,0,,,
oneshot__tie-random__info-full__lineup-costrange-deepseek__n2,delta_lowest_cost_win_share,0,,,
oneshot__tie-random__info-full__lineup-costrange-deepseek__n2,invalid_bid_rate,5,0.0,,
oneshot__tie-random__info-full__lineup-costrange-deepseek__n2,is_control,5,1.0,,
oneshot__tie-random__info-full__lineup-costrange-deepseek__n2,lowest_cost_win_share,5,0.8960000000000001,,
oneshot__tie-random__info-full__lineup-costrange-deepseek__n2,mean_rebid_delta,0,,,
oneshot__tie-random__info-full__lineup-costrange-deepseek__n2,median_loser_gap,5,4.07,,
oneshot__tie-random__info-full__lineup-costrange-deepseek__n2,median_loser_gap_vs_bne,5,-0.25827014698956247,,
oneshot__tie-random__info-full__lineup-costrange-deepseek__n2,n_valid_rounds,5,25.0,,
oneshot__tie-random__info-full__lineup-costrange-deepseek__n2,own_lag_coef,5,-0.03348720598179527,,
oneshot__tie-random__info-full__lineup-costrange-deepseek__n2,repeat_win_rate,5,0.5666666666666667,,
oneshot__tie-random__info-full__lineup-costrange-deepseek__n2,reserve_bid_rate,5,0.0,,
oneshot__tie-random__info-full__lineup-costrange-deepseek__n2,rival_lag_coef,5,0.026382944053658597,,
oneshot__tie-random__info-full__lineup-costrange-deepseek__n2,tie_price_index,0,,,
oneshot__tie-random__info-full__lineup-costrange-deepseek__n2,tie_rate,5,0.0,,
oneshot__tie-random__info-full__lineup-costrange-deepseek__n2,tie_rate_early,5,0.0,,
oneshot__tie-random__info-full__lineup-costrange-deepseek__n2,tie_rate_late,5,0.0,,
tie-random__info-full__lineup-costrange-deepseek__n2,bafo_overshoot_rate,0,,,
tie-random__info-full__lineup-costrange-deepseek__n2,below_cost_bid_rate,5,0.012,,
tie-random__info-full__lineup-costrange-deepseek__n2,bid_cost_corr,5,0.9944199288745306,,
tie-random__info-full__lineup-costrange-deepseek__n2,chi2_stat,5,0.808,,
tie-random__info-full__lineup-costrange-deepseek__n2,collusion_index,5,-0.04156496417047012,,
tie-random__info-full__lineup-costrange-deepseek__n2,control_index,5,-0.030609759700352145,,
tie-random__info-full__lineup-costrange-deepseek__n2,delta_index,5,-0.010955204470117975,,
tie-random__info-full__lineup-costrange-deepseek__n2,delta_lowest_cost_win_share,5,-0.11200000000000002,,
tie-random__info-full__lineup-costrange-deepseek__n2,invalid_bid_rate,5,0.0,,
tie-random__info-full__lineup-costrange-deepseek__n2,is_control,5,0.0,,
tie-random__info-full__lineup-costrange-deepseek__n2,lowest_cost_win_share,5,0.784,,
tie-random__info-full__lineup-costrange-deepseek__n2,mean_rebid_delta,0,,,
tie-random__info-full__lineup-costrange-deepseek__n2,median_loser_gap,5,3.2039999999999984,,
tie-random__info-full__lineup-costrange-deepseek__n2,median_loser_gap_vs_bne,5,-1.2340070687016975,,
tie-random__info-full__lineup-costrange-deepseek__n2,n_valid_rounds,5,25.0,,
tie-random__info-full__lineup-costrange-deepseek__n2,own_lag_coef,5,-0.009966052190479628,,
tie-random__info-full__lineup-costrange-deepseek__n2,repeat_win_rate,5,0.4666666666666667,,
tie-random__info-full__lineup-costrange-deepseek__n2,reserve_bid_rate,5,0.004,,
tie-random__info-full__lineup-costrange-deepseek__n2,rival_lag_coef,5,0.013949418368115179,,
tie-random__info-full__lineup-costrange-deepseek__n2,tie_price_index,1,-0.016058149527638812,,
tie-random__info-full__lineup-costrange-deepseek__n2,tie_rate,5,0.016,,
tie-random__info-full__lineup-costrange-deepseek__n2,tie_rate_early,5,0.016666666666666666,,
tie-random__info-full__lineup-costrange-deepseek__n2,tie_rate_late,5,0.015384615384615385,,
