condition_id,session_id,seed,lineup_id,n_bidders,bid_increment,info_condition,tie_break_rule,is_control,n_valid_rounds,invalid_bid_rate,collusion_index,control_index,delta_index,lowest_cost_win_share,delta_lowest_cost_win_share,repeat_win_rate,chi2_stat,median_loser_gap,median_loser_gap_vs_bne,reserve_bid_rate,below_cost_bid_rate,bid_cost_corr,rival_lag_coef,own_lag_coef,tie_rate,tie_rate_early,tie_rate_late,tie_price_index,mean_rebid_delta,bafo_overshoot_rate
oneshot__tie-random__info-full__lineup-costrange-deepseek__n2,oneshot__tie-random__info-full__lineup-costrange-deepseek__n2__seed992000,992000,costrange-deepseek,2,0.01,full,random,True,25,0.0,-0.03146935313480199,,,0.92,,0.5,1.0,3.960000000000001,8.961381787742084e-07,0.0,0.0,0.9992448119229256,-0.009155793507618177,-0.007643227622247904,0.0,0.0,0.0,,,
oneshot__tie-random__info-full__lineup-costrange-deepseek__n2,oneshot__tie-random__info-full__lineup-costrange-deepseek__n2__seed992001,992001,costrange-deepseek,2,0.01,full,random,True,25,0.0,-0.02182588604046925,,,0.88,,0.625,0.04,4.0,-0.9868215576623669,0.0,0.0,0.9965301737227225,-0.0346039836680673,0.024564811982503293,0.0,0.0,0.0,,,
oneshot__tie-random__info-full__lineup-costrange-deepseek__n2,oneshot__tie-random__info-full__lineup-costrange-deepseek__n2__seed992002,992002,costrange-deepseek,2,0.01,full,random,True,25,0.0,-0.022118717802239243,,,0.92,,0.5833333333333334,1.96,3.8499999999999943,-0.3045326415870022,0.0,0.0,0.9900211505267885,0.10311865996655803,-0.10614182323346974,0.0,0.0,0.0,,,
oneshot__tie-random__info-full__lineup-costrange-deepseek__n2,oneshot__tie-random__info-full__lineup-costrange-deepseek__n2__seed992003,992003,costrange-deepseek,2,0.01,full,random,True,25,0.0,-0.023922448804442047,,,0.84,,0.5,1.96,4.140000000000001,2.217406759541518e-06,0.0,0.0,0.9951166084390193,0.105906579720506,-0.10112218203246287,0.0,0.0,0.0,,,
oneshot__tie-random__info-full__lineup-costrange-deepseek__n2,oneshot__tie-random__info-full__lineup-costrange-deepseek__n2__seed992004,992004,costrange-deepseek,2,0.01,full,random,True,25,0.0,-0.053712392719808204,,,0.92,,0.625,4.84,4.400000000000006,3.507566184168809e-07,0.0,0.02,0.9851305117252177,-0.03335074224308557,0.02290639099670087,0.0,0.0,0.0,,,
tie-random__info-full__lineup-costrange-deepseek__n2,tie-random__info-full__lineup-costrange-deepseek__n2__seed992000,992000,costrange-deepseek,2,0.01,full,random,False,25,0.0,-0.045738654336543276,-0.03146935313480199,-0.014269301201741288,0.84,-0.08000000000000007,0.4166666666666667,0.04,3.0,-1.253938345011747,0.0,0.0,0.9987304999681208,-0.055797797587020435,0.055080577115516505,0.0,0.0,0.0,,,
tie-random__info-full__lineup-costrange-deepseek__n2,tie-random__info-full__lineup-costrange-deepseek__n2__seed992001,992001,costrange-deepseek,2,0.01,full,random,False,25,0.0,-0.047290794496910885,-0.02182588604046925,-0.025464908456441636,0.8,-0.07999999999999996,0.5833333333333334,1.96,3.9899999999999984,-1.4996937691324561,0.0,0.02,0.9934541381968856,-0.034564877342050104,0.014669243935538177,0.0,0.0,0.0,,,
tie-random__info-full__lineup-costrange-deepseek__n2,tie-random__info-full__lineup-costrange-deepseek__n2__seed992002,992002,costrange-deepseek,2,0.01,full,random,False,25,0.0,-0.03134636428361218,-0.022118717802239243,-0.009227646481372934,0.8,-0.12,0.4166666666666667,0.04,2.1299999999999955,-0.9877370385632531,0.0,0.02,0.9978883297762586,0.12300530090329255,-0.11747066475342098,0.0,0.0,0.0,,,
tie-random__info-full__lineup-costrange-deepseek__n2,tie-random__info-full__lineup-costrange-deepseek__n2__seed992003,992003,costrange-deepseek,2,0.01,full,random,False,25,0.0,-0.04740346057183607,-0.023922448804442047,-0.023481011767394026,0.72,-0.12,0.5,0.04,4.5,-1.3286707920978102,0.02,0.02,0.9833271888264615,0.003125898860873105,0.03288201476981892,0.0,0.0,0.0,,,
tie-random__info-full__lineup-costrange-deepseek__n2,tie-random__info-full__lineup-costrange-deepseek__n2__seed992004,992004,costrange-deepseek,2,0.01,full,random,False,25,0.0,-0.0360455471634482,-0.053712392719808204,0.017666845556360007,0.76,-0.16000000000000003,0.4166666666666667,1.96,2.3999999999999986,-1.0999953987032214,0.0,0.0,0.9986994876049269,0.033978567005480784,-0.034991432019850756,0.08,0.08333333333333333,0.07692307692307693,-0.016058149527638812,,
